{"robotPoses":[[{"x":0.05046761596531045,"y":0.81097780043629,"theta":1.5367554250643751},{"x":0.4943025803770623,"y":0.49482313533731975,"theta":3.136705731684529}]],"obstacles":[],"colorAreas":[],"marker":[]}