{"robotPoses":[[{"x":0.9193873975412582,"y":0.129174079165413,"theta":6.282766428159075},{"x":0.13054651501950862,"y":0.7074691633300969,"theta":0.0004607669225027422}]],"obstacles":[],"colorAreas":[],"marker":[]}